run,processes,time_seconds
1,1,15.827100
2,1,16.387695
3,1,16.441699
4,1,16.380136
5,1,16.431081
1,2,8.440116
2,2,8.469484
3,2,8.432537
4,2,8.373576
5,2,8.392575
1,4,4.467091
2,4,4.424123
3,4,4.496770
4,4,4.545864
5,4,4.471826
1,8,2.440544
2,8,2.481848
3,8,2.458899
4,8,2.454852
5,8,2.441041
