run,processes,time_seconds
1,1,0.365962
2,1,0.366080
3,1,0.366517
4,1,0.373019
5,1,0.367168
1,2,0.205276
2,2,0.204744
3,2,0.210006
4,2,0.205525
5,2,0.206139
1,4,0.120807
2,4,0.119991
3,4,0.120745
4,4,0.122014
5,4,0.120802
1,8,0.076563
2,8,0.076556
3,8,0.076864
4,8,0.077586
5,8,0.076110
