processes,Mean_Time(s),Std_Dev(s),Speedup,Efficiency(%)
1,6.0115056000000004,0.011944382834621499,1.0,100.0
2,2.9677258,0.006805620486039458,2.0256270306373994,101.28135153186997
4,1.5047784,0.010450467037410361,3.9949441060557493,99.87360265139374
8,0.7584848,0.0023037198614415102,7.925677086739247,99.07096358424059
